,link
0,b'toronto-on-real-estate/6760950-7-granada-cres-toronto-on-m1b2h6-vow'
1,b'toronto-on-real-estate/6763624-154-langley-ave-toronto-on-m4k1b7-vow'
2,b'toronto-on-real-estate/6758239-202-8-charlotte-st-toronto-on-m5v0k4-vow'
3,b'toronto-on-real-estate/6677295-1608-205-hilda-ave-toronto-on-m2m4b1-vow'
4,b'toronto-on-real-estate/6742940-112-lorraine-dr-toronto-on-m2n0e5-vow'
5,b'toronto-on-real-estate/6752045-1134-250-wellington-st-w-toronto-on-m5v3p6-vow'
6,b'toronto-on-real-estate/6725637-3702-45-charles-st-e-toronto-on-m4y1s2-vow'
7,b'toronto-on-real-estate/6720269-1-5-gosford-blvd-toronto-on-m3n2g7-vow'
8,b'toronto-on-real-estate/6724783-1208-2285-lake-shore-blvd-w-toronto-on-m8v3x9-vow'
9,b'toronto-on-real-estate/6747443-209-123-eglinton-ave-e-toronto-on-m4p1j2-vow'
10,b'toronto-on-real-estate/6753439-1709-736-bay-st-toronto-on-m5g2m4-vow'
11,b'toronto-on-real-estate/6751012-114-1-ruttan-st-toronto-on-m6p0a1-vow'
12,b'toronto-on-real-estate/6735848-527-35-saranac-blvd-toronto-on-m6a2g5-vow'
13,b'toronto-on-real-estate/6749959-10-easson-ave-toronto-on-m6s3w5-vow'
14,b'toronto-on-real-estate/6748711-3207-2230-lakeshore-blvd-w-toronto-on-m8v0b2-vow'
15,b'toronto-on-real-estate/6741145-613-1600-keele-st-toronto-on-m6n5j1-vow'
16,b'toronto-on-real-estate/6742813-48-chalet-rd-toronto-on-m2j3v4-vow'
17,b'toronto-on-real-estate/6755753-19-belsize-dr-toronto-on-m4s1l3-vow'
18,b'toronto-on-real-estate/6763663-12-sorrento-crt-toronto-on-m3l2g2-vow'
19,b'toronto-on-real-estate/6748947-701-2800-keele-st-toronto-on-m3m2g4-vow'
20,b'toronto-on-real-estate/6755628-47-turner-rd-toronto-on-m6g3h7-vow'
21,b'toronto-on-real-estate/6752859-245-galloway-rd-toronto-on-m1e1x5-vow'
22,b'toronto-on-real-estate/6763529-4-90-isabella-st-toronto-on-m4y1n4-vow'
23,b'toronto-on-real-estate/6758029-417-900-mount-pleasant-rd-toronto-on-m4p3j9-vow'
24,b'toronto-on-real-estate/6748947-701-2800-keele-st-toronto-on-m3m2g4-vow'
25,b'toronto-on-real-estate/6748711-3207-2230-lakeshore-blvd-w-toronto-on-m8v0b2-vow'
26,b'toronto-on-real-estate/6735848-527-35-saranac-blvd-toronto-on-m6a2g5-vow'
27,b'toronto-on-real-estate/6755628-47-turner-rd-toronto-on-m6g3h7-vow'
28,b'toronto-on-real-estate/6756637-250-dewhurst-blvd-toronto-on-m4j3k6-vow'
29,b'toronto-on-real-estate/6763529-4-90-isabella-st-toronto-on-m4y1n4-vow'
30,b'toronto-on-real-estate/6753439-1709-736-bay-st-toronto-on-m5g2m4-vow'
31,b'toronto-on-real-estate/6755753-19-belsize-dr-toronto-on-m4s1l3-vow'
32,b'toronto-on-real-estate/6724783-1208-2285-lake-shore-blvd-w-toronto-on-m8v3x9-vow'
33,b'toronto-on-real-estate/6758029-417-900-mount-pleasant-rd-toronto-on-m4p3j9-vow'
34,b'toronto-on-real-estate/6725637-3702-45-charles-st-e-toronto-on-m4y1s2-vow'
35,b'toronto-on-real-estate/6752045-1134-250-wellington-st-w-toronto-on-m5v3p6-vow'
36,b'toronto-on-real-estate/6727095-1006-285-mutual-st-toronto-on-m4y3c5-vow'
37,b'toronto-on-real-estate/6720270-46-clairtrell-rd-toronto-on-m2n5j6-vow'
38,b'toronto-on-real-estate/6747529-6220-kingston-rd-toronto-on-m1c1k9-vow'
39,b'toronto-on-real-estate/6757581-104-140-ling-rd-toronto-on-m1e4v9-vow'
40,b'toronto-on-real-estate/6763663-12-sorrento-crt-toronto-on-m3l2g2-vow'
41,b'toronto-on-real-estate/6751012-114-1-ruttan-st-toronto-on-m6p0a1-vow'
42,b'toronto-on-real-estate/6741145-613-1600-keele-st-toronto-on-m6n5j1-vow'
43,b'toronto-on-real-estate/6752859-245-galloway-rd-toronto-on-m1e1x5-vow'
44,b'toronto-on-real-estate/6749568-67-fairlawn-ave-toronto-on-m5m1s6-vow'
45,b'toronto-on-real-estate/6733664-835-39-queens-quay-toronto-on-m5e0a5-vow'
46,b'toronto-on-real-estate/6751025-130-armstrong-ave-toronto-on-m6h1v8-vow'
47,b'toronto-on-real-estate/6752052-510-70-forest-manor-rd-toronto-on-m2j0a9-vow'
48,b'toronto-on-real-estate/6749391-710-39-queens-quay-e-toronto-on-m5e0a5-vow'
49,b'toronto-on-real-estate/6733664-835-39-queens-quay-toronto-on-m5e0a5-vow'
50,b'toronto-on-real-estate/6761212-63-jasper-ave-toronto-on-m6n2n1-vow'
51,b'toronto-on-real-estate/6760990-48-shields-ave-toronto-on-m5n2k4-vow'
52,b'toronto-on-real-estate/6753694-29-cobham-cres-toronto-on-m4a1v7-vow'
53,b'toronto-on-real-estate/6756627-37-cheston-rd-toronto-on-m4s2x4-vow'
54,b'toronto-on-real-estate/6753359-65-wexford-blvd-toronto-on-m1r1l4-vow'
55,b'toronto-on-real-estate/6759947-98-hogarth-ave-toronto-on-m4k1k4-vow'
56,b'toronto-on-real-estate/6752413-25-chancellor-dr-toronto-on-m1g2w4-vow'
57,b'toronto-on-real-estate/6745035-824-270-wellington-st-toronto-on-m5v3p5-vow'
58,b'toronto-on-real-estate/6751025-130-armstrong-ave-toronto-on-m6h1v8-vow'
59,b'toronto-on-real-estate/6648492-79-scenic-millway-way-toronto-on-m2l1s9-vow'
60,b'toronto-on-real-estate/6749634-511-7-broadway-ave-toronto-on-m4p3c5-vow'
61,b'toronto-on-real-estate/6594563-3901-1-bloor-st-toronto-on-m4w1a9-vow'
62,b'toronto-on-real-estate/6747340-1522-160-flemington-rd-toronto-on-m6a1n6-vow'
63,b'toronto-on-real-estate/6756465-2-50-boston-ave-toronto-on-m4m2t9-vow'
64,b'toronto-on-real-estate/6745089-188-timberbank-blvd-toronto-on-m1w2a3-vow'
65,b'toronto-on-real-estate/6752052-510-70-forest-manor-rd-toronto-on-m2j0a9-vow'
66,b'toronto-on-real-estate/6744939-413-225-wellesley-st-e-toronto-on-m4x1x8-vow'
67,b'toronto-on-real-estate/6713774-202-sunnyside-ave-toronto-on-m6r2p6-vow'
68,b'toronto-on-real-estate/6731338-415-8-gladstone-ave-toronto-on-m6j3k6-vow'
69,b'toronto-on-real-estate/6701649-ph2-1-scott-st-toronto-on-m5e1a1-vow'
70,b'toronto-on-real-estate/6749568-67-fairlawn-ave-toronto-on-m5m1s6-vow'
71,b'toronto-on-real-estate/6760509-45-gloucester-grve-toronto-on-m6c2a2-vow'
72,b'toronto-on-real-estate/6756465-2-50-boston-ave-toronto-on-m4m2t9-vow'
73,b'toronto-on-real-estate/6745089-188-timberbank-blvd-toronto-on-m1w2a3-vow'
74,b'toronto-on-real-estate/6753437-907-5229-dundas-st-w-toronto-on-m9b6l9-vow'
75,b'toronto-on-real-estate/6747340-1522-160-flemington-rd-toronto-on-m6a1n6-vow'
76,b'toronto-on-real-estate/6760677-1209-160-flemington-rd-toronto-on-m6a1n6-vow'
77,b'toronto-on-real-estate/6735058-2303-1320-islington-ave-toronto-on-m9a5c6-vow'
78,b'toronto-on-real-estate/6756627-37-cheston-rd-toronto-on-m4s2x4-vow'
79,b'toronto-on-real-estate/6733664-835-39-queens-quay-toronto-on-m5e0a5-vow'
80,b'toronto-on-real-estate/6752647-103-335-lonsdale-rd-toronto-on-m5p1r4-vow'
81,b'toronto-on-real-estate/6750839-405-westmount-ave-toronto-on-m6e3n4-vow'
82,b'toronto-on-real-estate/6760509-45-gloucester-grve-toronto-on-m6c2a2-vow'
83,b'toronto-on-real-estate/6727304-5-50-mendelssohn-st-toronto-on-m1l0g8-vow'
84,b'toronto-on-real-estate/6745035-824-270-wellington-st-toronto-on-m5v3p5-vow'
85,b'toronto-on-real-estate/6749411-83-furnival-rd-toronto-on-m4b1w6-vow'
86,b'toronto-on-real-estate/6648492-79-scenic-millway-way-toronto-on-m2l1s9-vow'
87,b'toronto-on-real-estate/6760990-48-shields-ave-toronto-on-m5n2k4-vow'
88,b'toronto-on-real-estate/6749391-710-39-queens-quay-e-toronto-on-m5e0a5-vow'
89,b'toronto-on-real-estate/6752052-510-70-forest-manor-rd-toronto-on-m2j0a9-vow'
90,b'toronto-on-real-estate/6736130-17-culloden-crt-toronto-on-m1c0e9-vow'
91,b'toronto-on-real-estate/6733779-6-mayhill-cres-toronto-on-m1g1k6-vow'
92,b'toronto-on-real-estate/6754862-3514-105-the-queensway-ave-toronto-on-m6s5b5-vow'
93,b'toronto-on-real-estate/6726367-17-springhouse-sq-toronto-on-m1w2x2-vow'
94,b'toronto-on-real-estate/6757429-62-bankfield-dr-toronto-on-m9v2p9-vow'
95,b'toronto-on-real-estate/6734784-304-954-king-st-w-toronto-on-m6k3l9-vow'
96,b'toronto-on-real-estate/6747464-702-28-olive-ave-toronto-on-m2n7e6-vow'
97,b'toronto-on-real-estate/6758091-31-kappele-ave-toronto-on-m4n2z2-vow'
98,b'toronto-on-real-estate/6733779-6-mayhill-cres-toronto-on-m1g1k6-vow'
99,b'toronto-on-real-estate/6754713-612-77-mcmurrich-st-toronto-on-m5r3v3-vow'
100,b'toronto-on-real-estate/6763643-120-sheridan-ave-toronto-on-m6k2h2-vow'
101,b'toronto-on-real-estate/6753551-208-1815-o-connor-dr-toronto-on-m4a2p9-vow'
102,b'toronto-on-real-estate/6756551-75-bernard-ave-toronto-on-m5r1r6-vow'
103,b'toronto-on-real-estate/6756548-5110-7-grenville-st-toronto-on-m4y1a1-vow'
104,b'toronto-on-real-estate/6706768-6-coyote-cres-toronto-on-m1b6g9-vow'
105,b'toronto-on-real-estate/6661570-1701-3-hickory-tree-rd-toronto-on-m9n3w5-vow'
106,b'toronto-on-real-estate/6731464-1504-10-markbrook-lane-toronto-on-m9v5e3-vow'
107,b'toronto-on-real-estate/6744940-2109-103-the-queensway-toronto-on-m6s5b3-vow'
108,b'toronto-on-real-estate/6757429-62-bankfield-dr-toronto-on-m9v2p9-vow'
109,b'toronto-on-real-estate/6695199-40-green-bush-rd-toronto-on-m2m1p3-vow'
110,b'toronto-on-real-estate/6757403-3608-81-navy-wharf-crt-toronto-on-m5v3s2-vow'
111,b'toronto-on-real-estate/6754862-3514-105-the-queensway-ave-toronto-on-m6s5b5-vow'
112,b'toronto-on-real-estate/6753352-ph02-15-windermere-ave-toronto-on-m6s5a2-vow'
113,b'toronto-on-real-estate/6753351-89-37-four-winds-dr-toronto-on-m3j1k7-vow'
114,b'toronto-on-real-estate/6749622-406-25-grenville-st-toronto-on-m4y2x5-vow'
115,b'toronto-on-real-estate/6760726-n423-455-front-st-e-toronto-on-m5a1g9-vow'
116,b'toronto-on-real-estate/6755963-1003-9-valhalla-inn-rd-toronto-on-m9b1s9-vow'
117,b'toronto-on-real-estate/6755115-604-55-harrison-garden-blvd-toronto-on-m2n7g3-vow'
118,b'toronto-on-real-estate/6747338-410-62-forest-manor-rd-toronto-on-m2j0b6-vow'
119,b'toronto-on-real-estate/6754939-52-poucher-st-toronto-on-m4j2y9-vow'
120,b'toronto-on-real-estate/6749578-3-grenadier-rd-toronto-on-m6r1r1-vow'
121,b'toronto-on-real-estate/6739415-208-3-rowntree-rd-toronto-on-m9v5g8-vow'
122,b'toronto-on-real-estate/6742914-1-ardtrea-ave-toronto-on-m4a2g3-vow'
123,b'toronto-on-real-estate/6623476-2501-10-inn-on-the-park-dr-toronto-on-vow'
124,b'toronto-on-real-estate/6756661-35-johnson-farm-lane-toronto-on-m2n0g6-vow'
125,b'toronto-on-real-estate/6758091-31-kappele-ave-toronto-on-m4n2z2-vow'
126,b'toronto-on-real-estate/6754838-105-hay-ave-toronto-on-m8z1g3-vow'
127,b'toronto-on-real-estate/6747338-410-62-forest-manor-rd-toronto-on-m2j0b6-vow'
128,b'toronto-on-real-estate/6739582-1212-2-rean-dr-toronto-on-m2k3b8-vow'
129,b'toronto-on-real-estate/6706768-6-coyote-cres-toronto-on-m1b6g9-vow'
130,b'toronto-on-real-estate/6744327-1101-1830-bloor-st-w-toronto-on-m6p3k6-vow'
131,b'toronto-on-real-estate/6753352-ph02-15-windermere-ave-toronto-on-m6s5a2-vow'
132,b'toronto-on-real-estate/6737168-215-326-carlaw-ave-toronto-on-m4m3n8-vow'
133,b'toronto-on-real-estate/6726367-17-springhouse-sq-toronto-on-m1w2x2-vow'
134,b'toronto-on-real-estate/6721612-1920-3-greystone-walk-dr-toronto-on-m1k5j4-vow'
135,b'toronto-on-real-estate/6746292-1328-165-legion-rd-n-toronto-on-m8y0b3-vow'
136,b'toronto-on-real-estate/6747464-702-28-olive-ave-toronto-on-m2n7e6-vow'
137,b'toronto-on-real-estate/6746053-64-jopling-ave-n-toronto-on-m9b4g2-vow'
138,b'toronto-on-real-estate/6760582-58-grassington-cres-toronto-on-m1g1x5-vow'
139,b'toronto-on-real-estate/6747681-7-roskell-cres-toronto-on-m3j1c9-vow'
140,b'toronto-on-real-estate/6740901-633-165-legion-rd-n-toronto-on-m8y0b3-vow'
141,b'toronto-on-real-estate/6735863-1012-50-bruyeres-mews-toronto-on-m5v0h8-vow'
142,b'toronto-on-real-estate/6757403-3608-81-navy-wharf-crt-toronto-on-m5v3s2-vow'
143,b'toronto-on-real-estate/6749386-1101-2067-lake-shore-blvd-w-toronto-on-m8v4b8-vow'
144,b'toronto-on-real-estate/6756519-37-winkler-terr-toronto-on-m1l0b8-vow'
145,b'toronto-on-real-estate/6752435-25-minford-ave-toronto-on-m1r2b2-vow'
146,b'toronto-on-real-estate/6754713-612-77-mcmurrich-st-toronto-on-m5r3v3-vow'
147,b'toronto-on-real-estate/6747338-410-62-forest-manor-rd-toronto-on-m2j0b6-vow'
148,b'toronto-on-real-estate/6753351-89-37-four-winds-dr-toronto-on-m3j1k7-vow'
149,b'toronto-on-real-estate/6751763-1504-150-sudbury-st-toronto-on-m6j3s8-vow'
150,b'toronto-on-real-estate/6726671-1606-35-mariner-terr-toronto-on-m5v3v9-vow'
151,b'toronto-on-real-estate/6753551-208-1815-o-connor-dr-toronto-on-m4a2p9-vow'
152,b'toronto-on-real-estate/6755168-10-80-eastwood-park-gdns-toronto-on-m8w1n6-vow'
153,b'toronto-on-real-estate/6750811-15-castille-ave-toronto-on-m1r2b9-vow'
154,b'toronto-on-real-estate/6733916-26-riverdale-ave-toronto-on-m4k1c3-vow'
155,b'toronto-on-real-estate/6763643-120-sheridan-ave-toronto-on-m6k2h2-vow'
156,b'toronto-on-real-estate/6749386-1101-2067-lake-shore-blvd-w-toronto-on-m8v4b8-vow'
157,b'toronto-on-real-estate/6749578-3-grenadier-rd-toronto-on-m6r1r1-vow'
158,b'toronto-on-real-estate/6753304-1410-12-sudbury-st-toronto-on-m6j3w7-vow'
159,b'toronto-on-real-estate/6742914-1-ardtrea-ave-toronto-on-m4a2g3-vow'
160,b'toronto-on-real-estate/6661570-1701-3-hickory-tree-rd-toronto-on-m9n3w5-vow'
161,b'toronto-on-real-estate/6746053-64-jopling-ave-n-toronto-on-m9b4g2-vow'
162,b'toronto-on-real-estate/6754862-3514-105-the-queensway-ave-toronto-on-m6s5b5-vow'
163,b'toronto-on-real-estate/6734784-304-954-king-st-w-toronto-on-m6k3l9-vow'
164,b'toronto-on-real-estate/6721225-2710-955-bay-st-toronto-on-m5s2a2-vow'
165,b'toronto-on-real-estate/6757952-47-lewis-st-toronto-on-m4m2h2-vow'
166,b'toronto-on-real-estate/6757462-137-combe-ave-toronto-on-m3h4k2-vow'
167,b'toronto-on-real-estate/6720223-1801-103-the-queensway-toronto-on-m6s5b3-vow'
168,b'toronto-on-real-estate/6695270-202-2067-lake-shore-blvd-w-toronto-on-m8v4b8-vow'
169,b'toronto-on-real-estate/6745620-411-1705-mccowan-rd-toronto-on-m1s4l2-vow'
170,b'toronto-on-real-estate/6749986-16-wisteria-rd-toronto-on-m1r4x8-vow'
171,b'toronto-on-real-estate/6746050-95-leuty-ave-toronto-on-m4e2r2-vow'
172,b'toronto-on-real-estate/6736172-610-21-overlea-blvd-toronto-on-m4h1p2-vow'
173,b'toronto-on-real-estate/6665894-301-195-wynford-dr-toronto-on-m3c3p3-vow'
174,b'toronto-on-real-estate/6756536-49-radwell-cres-toronto-on-m1v2j4-vow'
175,b'toronto-on-real-estate/6759000-402-17-zorra-st-toronto-on-vow'
176,b'toronto-on-real-estate/6745396-8-feeney-ave-toronto-on-m1b4n6-vow'
177,b'toronto-on-real-estate/6758222-2816-11-brunel-crt-toronto-on-m5v3y3-vow'
178,b'toronto-on-real-estate/6748695-1002-155-legion-rd-n-toronto-on-m8y0a7-vow'
179,b'toronto-on-real-estate/6737181-1007-11-brunel-crt-toronto-on-m5v3y3-vow'
180,b'toronto-on-real-estate/6553587-37-hawksbury-dr-toronto-on-m2k1m4-vow'
181,b'toronto-on-real-estate/6732560-403-608-richmond-st-w-toronto-on-m5v1y9-vow'
182,b'toronto-on-real-estate/6758276-76-garden-ave-toronto-on-m6r1h7-vow'
183,b'toronto-on-real-estate/6756570-611-190-borough-dr-toronto-on-m1p0b6-vow'
184,b'toronto-on-real-estate/6746300-2206-29-singer-crt-toronto-on-m2k0b3-vow'
185,b'toronto-on-real-estate/6734357-312w-27-bathurst-st-toronto-on-m5v2p1-vow'
186,b'toronto-on-real-estate/6753774-57-ravine-park-cres-toronto-on-m1c2m5-vow'
187,b'toronto-on-real-estate/6759186-307-993-queen-st-w-toronto-on-m6j1h2-vow'
188,b'toronto-on-real-estate/6756653-47-denison-rd-w-toronto-on-m9n1b9-vow'
189,b'toronto-on-real-estate/6741447-553-vaughan-rd-toronto-on-m6c2r2-vow'
190,b'toronto-on-real-estate/6750836-28-starspray-blvd-toronto-on-m1c4p4-vow'
191,b'toronto-on-real-estate/6760971-50-riverview-gdns-toronto-on-m6s4e5-vow'
192,b'toronto-on-real-estate/6756570-611-190-borough-dr-toronto-on-m1p0b6-vow'
193,b'toronto-on-real-estate/6753702-141-montgomery-ave-toronto-on-m4r1e1-vow'
194,b'toronto-on-real-estate/6729264-621-75-bamburgh-circ-toronto-on-m1w3w1-vow'
195,b'toronto-on-real-estate/6733939-309-101-charles-st-e-toronto-on-m4y1v2-vow'
196,b'toronto-on-real-estate/6753449-512-88-alton-towers-circ-toronto-on-m1v5c5-vow'
197,b'toronto-on-real-estate/6736294-48-alexmuir-blvd-toronto-on-m1v1k1-vow'
198,b'toronto-on-real-estate/6753739-11-cardigan-rd-toronto-on-m8z2v8-vow'
199,b'toronto-on-real-estate/6759886-313-lee-ave-toronto-on-m4e2p7-vow'
200,b'toronto-on-real-estate/6722713-503-19-singer-crt-toronto-on-m2r0b2-vow'
201,b'toronto-on-real-estate/6744640-2509-121-mcmahon-dr-toronto-on-m2k2x9-vow'
202,b'toronto-on-real-estate/6737925-12-harnworth-dr-toronto-on-m2h3c2-vow'
203,b'toronto-on-real-estate/6755565-38-linton-ave-toronto-on-m1n1w6-vow'
204,b'toronto-on-real-estate/6749450-212-3085-bloor-st-w-toronto-on-m8x1c9-vow'
205,b'toronto-on-real-estate/6746246-a-2281-lake-shore-blvd-w-toronto-on-m8v1a6-vow'
206,b'toronto-on-real-estate/6744913-823-230-king-st-e-toronto-on-m5a1k5-vow'
207,b'toronto-on-real-estate/6651526-414-676-sheppard-ave-e-toronto-on-m2k1b7-vow'
208,b'toronto-on-real-estate/6743848-529-20-bruyeres-mews-toronto-on-m5v0g8-vow'
209,b'toronto-on-real-estate/6754671-344-22-leader-lane-toronto-on-m5e0b2-vow'
210,b'toronto-on-real-estate/6737194-708-28-olive-ave-toronto-on-m2n7e6-vow'
211,b'toronto-on-real-estate/6755685-93-rangoon-rd-toronto-on-m9c4n8-vow'
212,b'toronto-on-real-estate/6752033-709-95-prince-arthur-ave-toronto-on-m5r3p6-vow'
213,b'toronto-on-real-estate/6754689-112-31-olive-ave-toronto-on-m2n4n4-vow'
214,b'toronto-on-real-estate/6750655-295-robina-ave-toronto-on-m6c3z2-vow'
215,b'toronto-on-real-estate/6756804-85-holcolm-rd-toronto-on-m2n2c8-vow'
216,b'toronto-on-real-estate/6755565-38-linton-ave-toronto-on-m1n1w6-vow'
217,b'toronto-on-real-estate/6754689-112-31-olive-ave-toronto-on-m2n4n4-vow'
218,b'toronto-on-real-estate/6733939-309-101-charles-st-e-toronto-on-m4y1v2-vow'
219,b'toronto-on-real-estate/6683974-2703-55-skymark-dr-toronto-on-m2h3n4-vow'
220,b'toronto-on-real-estate/6737925-12-harnworth-dr-toronto-on-m2h3c2-vow'
221,b'toronto-on-real-estate/6736011-1914-330-mccowan-rd-toronto-on-m1j3n3-vow'
222,b'toronto-on-real-estate/6746246-a-2281-lake-shore-blvd-w-toronto-on-m8v1a6-vow'
223,b'toronto-on-real-estate/6754671-344-22-leader-lane-toronto-on-m5e0b2-vow'
224,b'toronto-on-real-estate/6752031-ph11-55-de-boers-dr-toronto-on-m3j0g5-vow'
225,b'toronto-on-real-estate/6753523-1931-68-corporate-dr-toronto-on-m1h3h3-vow'
226,b'toronto-on-real-estate/6752033-709-95-prince-arthur-ave-toronto-on-m5r3p6-vow'
227,b'toronto-on-real-estate/6737497-2020-25-greenview-ave-toronto-on-m2m1r2-vow'
228,b'toronto-on-real-estate/6719310-1605-400-mclevin-ave-toronto-on-m1b5j4-vow'
229,b'toronto-on-real-estate/6697493-375-beechgrove-dr-toronto-on-m1e4a2-vow'
230,b'toronto-on-real-estate/6743809-209-ellington-dr-toronto-on-m1r3y2-vow'
231,b'toronto-on-real-estate/6759105-24-boem-ave-toronto-on-m1r3t1-vow'
232,b'toronto-on-real-estate/6745590-138-evelyn-ave-toronto-on-m6p2z7-vow'
233,b'toronto-on-real-estate/6590036-1007-10-bellair-st-toronto-on-m5r3t8-vow'
234,b'toronto-on-real-estate/6747726-125-maria-st-toronto-on-m6p1w5-vow'
235,b'toronto-on-real-estate/6715755-44-muir-dr-toronto-on-m1m3b4-vow'
236,b'toronto-on-real-estate/6736353-1904-185-legion-rd-n-toronto-on-m8y0a1-vow'
237,b'toronto-on-real-estate/6746068-45-greenock-ave-toronto-on-m1g2z7-vow'
238,b'toronto-on-real-estate/6712443-12-warlingham-crt-toronto-on-m9c3k3-vow'
239,b'toronto-on-real-estate/6615825-1101-240-heath-st-w-toronto-on-m5p3l5-vow'
